Data Source,World Development Indicators,,,,,,,,,,,,,,,,,,,,,,,,,,,,,,,,,,,,,,,,,,
,,,,,,,,,,,,,,,,,,,,,,,,,,,,,,,,,,,,,,,,,,,
Last Updated Date,2022/4/8,,,,,,,,,,,,,,,,,,,,,,,,,,,,,,,,,,,,,,,,,,
,,,,,,,,,,,,,,,,,,,,,,,,,,,,,,,,,,,,,,,,,,,
Country Name,Country Code,Indicator Name,Indicator Code,1980,1981,1982,1983,1984,1985,1986,1987,1988,1989,1990,1991,1992,1993,1994,1995,1996,1997,1998,1999,2000,2001,2002,2003,2004,2005,2006,2007,2008,2009,2010,2011,2012,2013,2014,2015,2016,2017,2018,2019
Aruba,ABW,"Immunization, measles (% of children ages 12-23 months)",SH.IMM.MEAS,,,,,,,,,,,,,,,,,,,,,,,,,,,,,,,,,,,,,,,,
Africa Eastern and Southern,AFE,"Immunization, measles (% of children ages 12-23 months)",SH.IMM.MEAS,8.960347467,16.99175024,19.52620149,31.7386969,35.73847517,40.47058595,45.25775334,49.38536346,52.86710017,57.35507742,59.30512561,53.93316956,53.95028503,56.19656164,61.21024018,58.05230099,59.69017714,59.16480679,57.11995642,53.66045821,57.705111,58.05712926,60.08496813,61.71090403,63.54898006,63.6531113,66.73406855,70.92079346,70.8374789,74.49445012,77.15289923,77.37453461,77.67458017,76.37686119,75.87915192,74.83594195,72.33139044,72.33519371,72.08318685,73.25827219
Afghanistan,AFG,"Immunization, measles (% of children ages 12-23 months)",SH.IMM.MEAS,11,,8,9,14,14,14,31,34,22,20,19,22,25,40,41,42,38,31,31,27,37,35,39,48,50,53,55,59,60,62,64,59,57,60,63,64,64,64,64
Africa Western and Central,AFW,"Immunization, measles (% of children ages 12-23 months)",SH.IMM.MEAS,2.069973607,5.162452875,5.911767849,5.77706768,12.38166399,21.38799359,31.0476044,35.85092404,42.43069286,51.96324896,52.75322758,52.61107901,44.75315751,43.25858845,44.55047836,48.14879367,44.84679077,44.95571701,43.82976788,44.40534783,44.5246362,44.45325631,44.68735325,48.53228209,50.96436504,55.16059538,57.38505019,56.9116612,62.2441048,68.39564461,65.4861737,61.77131207,60.51876385,59.87580343,59.14534468,58.88643488,62.94770586,64.59895061,64.18241886,64.62509318
Angola,AGO,"Immunization, measles (% of children ages 12-23 months)",SH.IMM.MEAS,,,,26,35,44,44,55,56,48,38,39,39,47,44,46,62,78,59,40,32,60,59,44,43,21,21,58,48,46,62,57,65,59,56,51,45,42,50,51
Albania,ALB,"Immunization, measles (% of children ages 12-23 months)",SH.IMM.MEAS,90,90,93,96,96,96,96,96,96,96,88,80,87,76,90,91,92,95,89,85,95,95,96,93,96,97,95,97,98,97,99,99,98,99,98,97,96,96,94,95
Andorra,AND,"Immunization, measles (% of children ages 12-23 months)",SH.IMM.MEAS,,,,,,,,,,,,,,,,,,90,90,97,97,97,98,96,98,94,91,94,98,98,99,99,98,95,96,96,97,99,99,99
Arab World,ARB,"Immunization, measles (% of children ages 12-23 months)",SH.IMM.MEAS,14.88863096,16.08494054,23.13436975,26.78567233,32.54281015,53.99190391,59.60482936,63.11143546,71.36254195,76.91239008,77.35745785,76.80622008,75.29659294,75.81868514,75.44293395,76.99429082,79.41686957,79.09466246,81.27212298,81.43312385,81.45253967,81.01024781,81.15829613,81.39961776,82.04455949,82.28182046,81.86121783,83.34477709,83.16618148,85.5326782,87.05091898,87.04269685,84.40056766,85.65699275,84.25916643,84.43325682,86.7009481,86.37754722,84.58741924,84.74135124
United Arab Emirates,ARE,"Immunization, measles (% of children ages 12-23 months)",SH.IMM.MEAS,34,42,41,51,53,60,67,71,74,78,80,82,85,90,90,90,90,95,95,96,94,94,94,94,94,92,92,92,92,93,94,95,96,98,99,99,99,99,99,99
Argentina,ARG,"Immunization, measles (% of children ages 12-23 months)",SH.IMM.MEAS,61,77,67,67,79,54,87,80,87,89,93,99,92,95,96,99,99,93,95,97,91,89,95,97,99,98,97,94,96,96,95,95,94,94,95,89,90,89,94,94
Armenia,ARM,"Immunization, measles (% of children ages 12-23 months)",SH.IMM.MEAS,,,,,,,,,,,,,93,95,95,96,89,92,94,92,92,93,91,94,92,94,92,92,94,96,97,97,97,97,97,97,97,96,95,95
American Samoa,ASM,"Immunization, measles (% of children ages 12-23 months)",SH.IMM.MEAS,,,,,,,,,,,,,,,,,,,,,,,,,,,,,,,,,,,,,,,,
Antigua and Barbuda,ATG,"Immunization, measles (% of children ages 12-23 months)",SH.IMM.MEAS,,,,48,73,69,80,89,95,95,89,87,99,99,91,93,99,93,99,99,95,97,99,99,97,99,99,99,99,99,98,99,98,96,93,91,88,99,96,93
Australia,AUS,"Immunization, measles (% of children ages 12-23 months)",SH.IMM.MEAS,,,,68,68,68,68,68,77,85,86,86,86,86,86,87,87,85,82,88,91,92,94,94,94,94,94,94,94,94,94,94,94,94,94,95,95,95,95,95
Austria,AUT,"Immunization, measles (% of children ages 12-23 months)",SH.IMM.MEAS,,25,25,25,30,40,60,60,60,60,60,60,60,60,60,60,87,90,78,65,75,79,78,79,74,75,80,79,83,76,80,84,88,92,96,96,95,96,94,94
Azerbaijan,AZE,"Immunization, measles (% of children ages 12-23 months)",SH.IMM.MEAS,,,,,,,,,,,,,52,49,60,64,65,66,67,68,67,68,66,67,67,67,69,75,79,85,89,92,94,98,98,98,98,98,96,98
Burundi,BDI,"Immunization, measles (% of children ages 12-23 months)",SH.IMM.MEAS,,28,40,54,27,32,59,54,46,73,74,74,69,69,42,80,79,77,68,70,72,73,75,76,78,87,92,88,84,91,92,93,93,98,94,93,93,90,88,92
Belgium,BEL,"Immunization, measles (% of children ages 12-23 months)",SH.IMM.MEAS,,50,58,66,74,82,90,50,75,75,85,67,87,70,78,85,73,76,80,82,82,82,82,82,82,88,92,92,93,95,95,95,96,96,96,96,96,96,96,96
Benin,BEN,"Immunization, measles (% of children ages 12-23 months)",SH.IMM.MEAS,,,,,,23,20,26,30,48,79,60,70,67,78,65,60,66,67,69,70,68,66,65,63,61,66,70,66,71,68,70,74,68,65,67,68,70,71,71
Burkina Faso,BFA,"Immunization, measles (% of children ages 12-23 months)",SH.IMM.MEAS,,,,,,38,40,37,52,66,79,69,60,50,45,43,40,41,24,36,48,63,64,76,78,84,88,94,94,94,92,89,87,82,88,88,88,88,88,88
Bangladesh,BGD,"Immunization, measles (% of children ages 12-23 months)",SH.IMM.MEAS,,,1,1,1,1,3,6,13,53,65,68,69,74,78,79,69,72,71,71,74,77,75,76,81,88,83,89,92,93,88,93,88,91,94,97,97,97,97,97
Bulgaria,BGR,"Immunization, measles (% of children ages 12-23 months)",SH.IMM.MEAS,98,98,90,98,98,99,99,99,99,99,99,98,92,88,93,94,95,93,95,96,89,90,92,96,95,96,96,96,96,96,97,95,94,95,93,92,92,94,93,93
Bahrain,BHR,"Immunization, measles (% of children ages 12-23 months)",SH.IMM.MEAS,45,50,54,59,65,78,78,78,78,85,87,88,87,90,93,95,95,94,99,94,98,98,99,99,99,99,99,99,99,99,99,99,99,99,99,99,99,99,99,99
"Bahamas, The",BHS,"Immunization, measles (% of children ages 12-23 months)",SH.IMM.MEAS,,,65,66,63,79,85,87,78,87,86,93,94,88,88,90,92,93,92,86,93,94,94,90,89,85,88,96,90,98,94,90,91,92,92,94,89,90,89,85
Bosnia and Herzegovina,BIH,"Immunization, measles (% of children ages 12-23 months)",SH.IMM.MEAS,,,,,,,,,,,,,52,48,57,53,70,86,84,83,80,92,89,84,88,90,85,96,84,93,91,89,94,92,89,83,68,69,68,68
Belarus,BLR,"Immunization, measles (% of children ages 12-23 months)",SH.IMM.MEAS,,,,,,,,,,,,,94,96,97,93,96,97,98,98,98,99,99,99,99,99,97,99,99,99,99,99,98,99,99,99,98,97,98,98
Belize,BLZ,"Immunization, measles (% of children ages 12-23 months)",SH.IMM.MEAS,21,40,51,43,43,49,85,53,59,71,86,76,69,80,82,83,81,85,84,82,96,94,88,96,97,95,99,96,96,97,98,98,96,99,95,96,95,90,97,96
Bermuda,BMU,"Immunization, measles (% of children ages 12-23 months)",SH.IMM.MEAS,,,,,,,,,,,,,,,,,,,,,,,,,,,,,,,,,,,,,,,,
Bolivia,BOL,"Immunization, measles (% of children ages 12-23 months)",SH.IMM.MEAS,13,17,15,13,20,21,55,57,58,59,53,54,57,57,64,58,61,51,65,79,84,88,91,96,90,89,88,86,92,93,88,96,92,87,89,95,94,83,89,79
Brazil,BRA,"Immunization, measles (% of children ages 12-23 months)",SH.IMM.MEAS,57,73,66,68,73,67,67,64,62,60,78,85,91,85,77,87,80,99,95,99,99,99,96,97,97,98,99,99,99,99,99,99,99,98,97,96,95,91,92,91
Barbados,BRB,"Immunization, measles (% of children ages 12-23 months)",SH.IMM.MEAS,41,47,53,55,84,88,84,85,84,85,87,92,90,92,97,92,99,92,97,86,94,93,91,90,98,93,92,75,94,94,85,93,90,87,95,96,92,92,85,92
Brunei Darussalam,BRN,"Immunization, measles (% of children ages 12-23 months)",SH.IMM.MEAS,73,80,88,94,90,98,99,99,99,99,99,96,92,99,99,99,99,98,99,94,99,99,99,98,99,98,97,97,99,99,94,91,95,96,97,96,98,97,99,97
Bhutan,BTN,"Immunization, measles (% of children ages 12-23 months)",SH.IMM.MEAS,21,21,20,21,36,44,51,58,64,79,93,89,86,84,81,85,85,84,71,77,78,78,78,88,87,93,90,95,99,94,95,95,95,94,97,97,97,97,97,97
Botswana,BWA,"Immunization, measles (% of children ages 12-23 months)",SH.IMM.MEAS,63,70,75,79,82,85,91,87,87,87,87,88,88,88,88,89,89,89,89,90,91,91,92,92,93,93,94,95,95,96,96,97,97,97,97,97,97,97,97,97
Central African Republic,CAF,"Immunization, measles (% of children ages 12-23 months)",SH.IMM.MEAS,12,15,16,16,19,23,24,17,40,69,82,57,32,42,52,46,44,42,37,37,36,35,42,49,55,62,61,59,58,56,53,49,49,25,49,49,49,49,49,49
Canada,CAN,"Immunization, measles (% of children ages 12-23 months)",SH.IMM.MEAS,,,,,,,,70,85,87,89,92,94,96,97,96,97,96,96,96,96,95,95,95,94,94,93,94,93,91,90,88,89,90,90,89,89,90,90,90
Central Europe and the Baltics,CEB,"Immunization, measles (% of children ages 12-23 months)",SH.IMM.MEAS,65.75615217,65.94762561,66.8160068,91.86680137,92.70304744,92.21499415,90.30229849,93.77611905,90.58466481,94.21334117,94.85797403,94.31668073,92.08884067,88.60519849,94.35633198,95.07074146,96.34423011,96.35305425,96.58929142,97.16487638,96.70396728,96.88666288,97.50425329,97.07219951,97.10656218,97.4476427,97.41160648,97.56648109,97.2657384,97.20015801,97.11796681,96.48081109,96.54445894,96.33663335,95.18768675,94.10869686,93.81352919,93.21236022,93.49080921,93.14338814
Switzerland,CHE,"Immunization, measles (% of children ages 12-23 months)",SH.IMM.MEAS,,,,,,,70,70,70,90,90,83,83,83,83,83,83,83,81,82,82,82,82,82,82,87,87,87,92,92,92,93,93,93,94,94,94,95,95,95
Channel Islands,CHI,"Immunization, measles (% of children ages 12-23 months)",SH.IMM.MEAS,,,,,,,,,,,,,,,,,,,,,,,,,,,,,,,,,,,,,,,,
Chile,CHL,"Immunization, measles (% of children ages 12-23 months)",SH.IMM.MEAS,94,95,96,95,94,92,91,92,95,92,97,99,89,94,96,97,93,96,98,94,97,96,95,96,94,90,91,92,96,93,93,91,90,90,97,96,93,93,93,95
China,CHN,"Immunization, measles (% of children ages 12-23 months)",SH.IMM.MEAS,,,,78,84,88,63,77,95,95,98,92,87,81,75,80,84,83,83,84,84,85,85,85,86,86,93,94,97,99,99,99,99,99,99,99,99,99,99,99
Cote d'Ivoire,CIV,"Immunization, measles (% of children ages 12-23 months)",SH.IMM.MEAS,,,,,31,31,31,30,31,41,56,57,54,52,55,57,65,68,66,57,68,71,71,70,78,84,73,67,63,67,64,49,74,69,59,67,73,70,76,76
Cameroon,CMR,"Immunization, measles (% of children ages 12-23 months)",SH.IMM.MEAS,,16,21,25,31,39,44,44,48,56,56,48,37,32,38,46,39,43,47,46,49,51,53,61,64,68,73,74,80,74,79,76,82,83,78,74,71,65,59,60
"Congo, Dem. Rep.",COD,"Immunization, measles (% of children ages 12-23 months)",SH.IMM.MEAS,18,23,25,30,30,40,39,41,44,41,38,17,25,33,39,27,21,20,20,15,46,35,42,49,57,61,63,68,64,72,74,74,72,71,67,64,57,57,57,57
"Congo, Rep.",COG,"Immunization, measles (% of children ages 12-23 months)",SH.IMM.MEAS,49,49,55,59,52,67,69,69,73,75,75,64,60,55,47,38,42,18,21,23,34,35,37,50,65,54,61,59,69,63,75,83,80,80,80,80,67,70,75,73
Colombia,COL,"Immunization, measles (% of children ages 12-23 months)",SH.IMM.MEAS,13,26,28,43,51,51,45,59,74,81,82,78,74,94,84,95,90,80,78,79,88,93,93,93,94,96,95,93,95,89,88,88,94,92,91,94,93,93,95,95
Comoros,COM,"Immunization, measles (% of children ages 12-23 months)",SH.IMM.MEAS,,,,,42,18,71,71,40,85,87,40,51,56,59,69,43,49,67,69,70,70,71,67,76,67,66,65,76,79,72,79,85,85,86,90,90,90,90,90
Cabo Verde,CPV,"Immunization, measles (% of children ages 12-23 months)",SH.IMM.MEAS,,,,,,54,58,75,80,84,79,76,82,88,87,85,84,83,84,85,86,88,89,90,91,92,94,95,96,97,97,96,91,91,93,92,93,96,99,98
Costa Rica,CRI,"Immunization, measles (% of children ages 12-23 months)",SH.IMM.MEAS,60,79,87,84,76,78,90,93,97,77,90,96,92,89,87,91,84,99,83,88,82,82,94,89,88,89,90,90,89,81,83,83,90,91,95,93,93,96,94,95
Caribbean small states,CSS,"Immunization, measles (% of children ages 12-23 months)",SH.IMM.MEAS,1.973756456,5.146523173,23.78567531,26.35971599,50.27329726,55.28614904,49.30237116,65.25831767,69.36413213,71.3171602,74.85860864,82.56478305,71.46278329,83.28573414,83.40770946,86.72580974,92.4100565,87.0248484,89.23420439,84.84207774,88.76282623,88.32656392,87.40329921,83.28877308,89.15225175,88.94577008,88.97461647,85.52380505,90.72008379,92.14617079,91.30464376,90.48138581,89.98119467,93.19785649,92.13387194,91.30875223,92.10625383,92.60943157,89.77605971,92.26835706
Cuba,CUB,"Immunization, measles (% of children ages 12-23 months)",SH.IMM.MEAS,48,49,55,94,82,85,80,99,89,98,94,99,99,96,99,99,99,96,99,96,94,96,98,99,99,98,96,97,98,99,99,99,99,99,99,99,99,99,99,99
Curacao,CUW,"Immunization, measles (% of children ages 12-23 months)",SH.IMM.MEAS,,,,,,,,,,,,,,,,,,,,,,,,,,,,,,,,,,,,,,,,
Cayman Islands,CYM,"Immunization, measles (% of children ages 12-23 months)",SH.IMM.MEAS,,,,,,,,,,,,,,,,,,,,,,,,,,,,,,,,,,,,,,,,
Cyprus,CYP,"Immunization, measles (% of children ages 12-23 months)",SH.IMM.MEAS,29,28,21,19,25,43,60,91,74,76,77,78,80,81,82,83,90,90,89,87,86,86,86,86,86,86,87,87,87,87,87,87,86,86,86,90,90,90,90,86
Czech Republic,CZE,"Immunization, measles (% of children ages 12-23 months)",SH.IMM.MEAS,,,,,,,,,,,,,,98,97,96,97,96,95,97,97,97,98,97,97,97,97,98,97,98,98,98,98,99,99,99,98,97,96,92
Germany,DEU,"Immunization, measles (% of children ages 12-23 months)",SH.IMM.MEAS,25,50,50,47,48,50,70,75,75,75,75,75,75,89,90,92,91,91,92,92,92,94,94,95,96,96,96,97,97,97,97,97,97,97,97,97,97,97,97,97
Djibouti,DJI,"Immunization, measles (% of children ages 12-23 months)",SH.IMM.MEAS,,,15,18,20,27,19,22,68,75,85,53,41,41,42,41,41,31,21,23,50,49,62,66,60,65,67,74,73,84,85,84,83,80,71,74,75,81,86,83
Dominica,DMA,"Immunization, measles (% of children ages 12-23 months)",SH.IMM.MEAS,,,43,63,85,93,97,87,90,88,88,98,99,99,99,99,99,99,98,99,99,99,99,99,99,98,97,96,99,99,99,99,99,93,94,96,96,77,84,92
Denmark,DNK,"Immunization, measles (% of children ages 12-23 months)",SH.IMM.MEAS,,,,,,,,82,72,80,84,86,85,81,88,88,85,84,91,92,99,94,95,96,96,95,90,89,87,84,85,87,90,89,90,91,94,97,95,96
Dominican Republic,DOM,"Immunization, measles (% of children ages 12-23 months)",SH.IMM.MEAS,30,18,25,24,19,54,71,71,29,65,70,72,73,75,76,78,79,79,80,83,85,88,86,83,81,79,81,82,83,84,85,87,88,83,88,90,85,86,95,96
Algeria,DZA,"Immunization, measles (% of children ages 12-23 months)",SH.IMM.MEAS,,,,,,68,67,73,81,82,83,85,86,87,88,89,90,92,84,83,80,83,81,84,81,83,91,92,88,92,95,95,95,95,95,95,94,88,80,80
East Asia & Pacific (excluding high income),EAP,"Immunization, measles (% of children ages 12-23 months)",SH.IMM.MEAS,0.340193215,0.362338915,0.909038959,52.1027899,59.14526453,66.14788605,55.41528738,67.25784248,82.81096388,85.71155919,89.95924886,86.37764615,82.54806427,78.80453784,75.38306139,77.90759412,82.55923017,81.94618017,82.46887977,83.1954572,82.94389581,83.54150536,83.0611425,83.76940521,85.61907553,85.66565665,89.73209983,89.40699116,91.85270466,92.91236014,93.03560116,93.87052526,94.00105813,94.97843867,94.1890101,94.35095254,94.49264412,93.99289594,93.66011084,93.14768745
Early-demographic dividend,EAR,"Immunization, measles (% of children ages 12-23 months)",SH.IMM.MEAS,7.762659885,9.505754897,11.25519043,13.58469005,16.42355102,23.57550462,30.23314494,37.72212754,45.67855186,54.45764084,62.80988684,57.54401627,61.71396063,65.50282511,70.35520726,71.33007258,70.89303694,66.5779476,66.64263767,67.8497426,67.96862521,68.43464768,67.51354739,69.8470175,72.3067967,74.58655915,75.52221631,76.07898241,77.24154542,80.14548555,81.87553385,83.95302292,83.14211305,83.42555545,84.33859588,85.73157622,86.35221994,85.88178512,86.76369054,86.93125505
East Asia & Pacific,EAS,"Immunization, measles (% of children ages 12-23 months)",SH.IMM.MEAS,3.934814228,3.685880538,4.213954987,52.65445674,59.90009735,66.94614352,56.98317081,67.83572548,82.34520128,85.55185144,89.44370617,86.00280064,82.30965476,78.76013736,76.08665625,78.96346558,83.34150777,82.57489967,83.02484005,83.84046381,83.74814453,84.3451749,83.96255261,84.59997267,86.37528836,86.41394133,90.16813384,89.71876194,91.98376689,92.95946861,93.15250165,93.95423759,94.14298858,95.02309452,94.38734437,94.46363696,94.59375637,94.14109861,93.83558443,93.3176572
Europe & Central Asia (excluding high income),ECA,"Immunization, measles (% of children ages 12-23 months)",SH.IMM.MEAS,,,,,,,,,,,,,81.43447848,82.71397353,80.90712866,82.27898123,85.12121823,88.9456304,89.87469961,91.02180434,92.95917984,94.21244504,91.96423272,90.4492,92.211792,95.04293889,96.48422637,96.57253162,96.54617937,94.47068647,93.5471946,94.70880096,95.1808555,95.78064747,93.21233934,93.90065816,93.06726748,95.91124476,96.08666254,96.6981294
Europe & Central Asia,ECS,"Immunization, measles (% of children ages 12-23 months)",SH.IMM.MEAS,,,,,,,,,,,,,81.23421129,82.68786846,82.69304883,83.92968622,86.12670746,88.05732474,88.05134819,89.44783514,90.74524364,91.69273879,90.91911647,90.36535387,91.42033617,93.02468053,94.4012691,94.71534667,94.76752535,93.65300822,93.35054061,94.13256451,94.72543231,95.00278662,93.54699989,93.80756649,93.27195342,95.10364379,95.17476947,95.50891058
Ecuador,ECU,"Immunization, measles (% of children ages 12-23 months)",SH.IMM.MEAS,24,31,45,34,54,51,50,47,53,57,60,54,69,85,83,81,79,77,89,99,99,99,99,99,99,93,97,98,98,97,95,94,96,97,85,84,86,81,83,83
"Egypt, Arab Rep.",EGY,"Immunization, measles (% of children ages 12-23 months)",SH.IMM.MEAS,41,41,41,41,47,74,78,76,85,86,86,89,89,89,89,89,92,92,98,96,98,97,97,98,97,98,98,97,92,95,96,96,93,96,93,92,95,94,94,95
Euro area,EMU,"Immunization, measles (% of children ages 12-23 months)",SH.IMM.MEAS,12.24458931,23.36337268,26.05196691,31.1175335,41.20769332,47.64469174,53.23015581,57.12021851,59.47656324,63.12176944,73.56100905,73.29561333,74.54316004,76.96861836,79.8226928,81.26104716,83.42738908,83.94849599,83.51833285,85.94912613,86.80222646,88.33069465,89.36326991,90.78862313,91.35693283,91.43399827,92.61600918,93.35778492,93.49294762,93.35489937,93.17809875,93.4485498,93.99782656,93.6355075,93.52789947,93.157999,93.23304769,94.22021413,94.27888592,94.62991039
Eritrea,ERI,"Immunization, measles (% of children ages 12-23 months)",SH.IMM.MEAS,,,,,,,,,,,,,,34,51,58,66,73,79,88,76,84,83,92,96,95,94,92,91,93,95,96,98,94,90,97,99,99,99,99
Spain,ESP,"Immunization, measles (% of children ages 12-23 months)",SH.IMM.MEAS,,8,27,40,68,79,83,85,84,97,99,85,83,90,90,90,90,93,93,95,94,96,97,98,97,97,97,97,98,98,95,97,97,95,96,96,97,98,97,98
Estonia,EST,"Immunization, measles (% of children ages 12-23 months)",SH.IMM.MEAS,,,,,,,,,,,,,,74,76,81,86,88,89,92,93,95,95,95,96,96,96,96,95,95,95,94,94,94,93,93,93,93,87,88
Ethiopia,ETH,"Immunization, measles (% of children ages 12-23 months)",SH.IMM.MEAS,4,3,7,7,8,12,10,13,15,23,38,17,12,22,54,38,54,51,44,37,36,35,36,35,35,40,44,49,54,59,64,68,62,55,54,56,57,59,55,58
European Union,EUU,"Immunization, measles (% of children ages 12-23 months)",SH.IMM.MEAS,27.72813211,35.83576093,37.7487695,47.78503275,55.00239071,59.36512198,62.55683118,67.49016774,68.34360799,71.98844815,79.60892677,79.36666599,79.87434163,81.89072958,83.99423852,85.04677241,86.64822441,87.00630535,86.67966564,88.46938047,89.12584303,90.25071897,91.19358259,92.18014376,92.63836093,92.7850455,93.64161185,94.22402784,94.24421556,94.1518856,94.01962469,94.13229044,94.61509884,94.23399929,93.91075172,93.43263398,93.45271575,94.07954932,94.18064703,94.35394786
Fragile and conflict affected situations,FCS,"Immunization, measles (% of children ages 12-23 months)",SH.IMM.MEAS,6.271519627,9.733225564,12.34559913,13.07990417,16.83605402,25.18427386,30.26198394,34.74927761,42.10251505,50.1826817,53.77889628,48.07575707,43.47573709,44.84806485,51.2043959,49.58705571,50.21395654,49.96593725,49.66886529,48.14644573,50.22962367,49.24636704,49.60885588,52.31368661,54.90542637,57.56560192,59.28025173,60.62438933,64.8958859,69.89593784,69.78939079,68.75051182,65.49515832,64.51014168,63.90719898,63.51996264,65.26211509,66.1370877,64.8303496,65.29315541
Finland,FIN,"Immunization, measles (% of children ages 12-23 months)",SH.IMM.MEAS,,70,75,81,83,85,87,92,98,95,97,97,99,99,99,98,98,96,96,96,96,96,96,97,97,97,97,98,97,98,98,97,97,97,96,95,94,94,96,96
Fiji,FJI,"Immunization, measles (% of children ages 12-23 months)",SH.IMM.MEAS,32,40,2,25,22,57,61,64,69,65,84,93,91,96,96,94,94,75,77,79,81,83,85,86,88,90,92,94,95,95,96,96,96,96,96,96,96,96,96,96
France,FRA,"Immunization, measles (% of children ages 12-23 months)",SH.IMM.MEAS,,,,15,26,35,39,45,51,58,71,74,76,78,80,83,84,83,82,83,84,85,86,87,88,87,89,90,89,89,89,89,91,90,91,91,90,90,90,90
Faroe Islands,FRO,"Immunization, measles (% of children ages 12-23 months)",SH.IMM.MEAS,,,,,,,,,,,,,,,,,,,,,,,,,,,,,,,,,,,,,,,,
"Micronesia, Fed. Sts.",FSM,"Immunization, measles (% of children ages 12-23 months)",SH.IMM.MEAS,,,,,,,,69,84,94,81,76,78,80,83,90,82,74,82,79,85,84,88,91,85,96,83,92,86,86,80,92,91,91,83,74,70,76,73,78
Gabon,GAB,"Immunization, measles (% of children ages 12-23 months)",SH.IMM.MEAS,,,,,,58,66,67,68,76,76,71,66,63,60,57,57,56,56,55,55,55,55,55,55,55,55,62,67,63,62,72,71,70,61,68,64,63,59,62
United Kingdom,GBR,"Immunization, measles (% of children ages 12-23 months)",SH.IMM.MEAS,53,55,58,60,63,68,71,76,80,84,87,90,92,91,91,92,92,91,87,88,88,85,85,82,81,82,85,86,86,86,89,90,92,93,93,93,92,92,92,91
Georgia,GEO,"Immunization, measles (% of children ages 12-23 months)",SH.IMM.MEAS,,,,,,,,,,,,,16,61,63,61,65,69,73,76,73,74,75,76,86,90,96,97,97,83,94,91,93,97,92,96,93,95,98,99
Ghana,GHA,"Immunization, measles (% of children ages 12-23 months)",SH.IMM.MEAS,16,23,21,16,10,21,31,51,59,65,61,63,64,66,68,70,71,73,78,81,90,78,78,80,83,83,85,95,86,93,93,91,88,89,92,89,89,95,92,92
Gibraltar,GIB,"Immunization, measles (% of children ages 12-23 months)",SH.IMM.MEAS,,,,,,,,,,,,,,,,,,,,,,,,,,,,,,,,,,,,,,,,
Guinea,GIN,"Immunization, measles (% of children ages 12-23 months)",SH.IMM.MEAS,,15,34,30,29,29,28,28,27,27,35,42,52,55,58,61,61,56,52,40,42,44,46,48,50,51,51,57,55,53,58,62,58,54,50,47,47,47,47,47
"Gambia, The",GMB,"Immunization, measles (% of children ages 12-23 months)",SH.IMM.MEAS,69,70,71,70,79,75,62,88,80,85,86,87,83,87,89,91,94,91,90,90,89,89,90,90,92,91,89,88,92,96,92,91,95,96,96,97,97,90,91,85
Guinea-Bissau,GNB,"Immunization, measles (% of children ages 12-23 months)",SH.IMM.MEAS,,,,27,31,35,59,68,52,65,53,52,60,68,68,45,49,51,61,70,71,72,73,74,75,76,74,73,71,69,76,83,81,82,84,85,86,86,86,86
Equatorial Guinea,GNQ,"Immunization, measles (% of children ages 12-23 months)",SH.IMM.MEAS,,,,,,11,17,32,46,18,88,85,82,79,80,81,81,82,82,51,50,50,49,48,48,47,47,46,45,45,44,46,49,51,53,50,53,53,53,53
Greece,GRC,"Immunization, measles (% of children ages 12-23 months)",SH.IMM.MEAS,,,,,75,77,39,81,82,76,76,72,72,72,70,70,90,90,89,88,89,91,92,94,95,96,98,99,99,99,99,99,99,99,97,97,97,97,97,97
Grenada,GRD,"Immunization, measles (% of children ages 12-23 months)",SH.IMM.MEAS,,,5,7,31,49,62,77,48,89,85,96,73,99,87,88,85,92,97,94,92,99,96,99,74,99,98,98,99,98,95,95,94,94,94,99,95,85,84,94
Greenland,GRL,"Immunization, measles (% of children ages 12-23 months)",SH.IMM.MEAS,,,,,,,,,,,,,,,,,,,,,,,,,,,,,,,,,,,,,,,,
Guatemala,GTM,"Immunization, measles (% of children ages 12-23 months)",SH.IMM.MEAS,23,8,12,9,24,23,55,24,55,60,68,49,59,71,66,83,69,74,79,83,86,91,92,94,95,93,95,86,96,92,93,89,93,85,67,77,86,86,87,90
Guam,GUM,"Immunization, measles (% of children ages 12-23 months)",SH.IMM.MEAS,,,,,,,,,,,,,,,,,,,,,,,,,,,,,,,,,,,,,,,,
Guyana,GUY,"Immunization, measles (% of children ages 12-23 months)",SH.IMM.MEAS,,,68,51,56,40,42,52,55,69,73,76,73,92,83,77,91,82,93,87,86,92,93,89,88,92,90,96,95,97,95,98,99,99,99,99,99,99,98,98
High income,HIC,"Immunization, measles (% of children ages 12-23 months)",SH.IMM.MEAS,48.20361192,54.85621998,57.03650477,63.28582248,68.7698349,72.6146275,75.01935908,74.53982104,80.46513835,82.6632628,84.12326008,83.64337154,82.31454607,83.52780749,87.29863039,88.62977816,89.91697103,89.7674497,89.7538048,90.68040112,91.16500283,91.59954495,92.08595491,92.81798586,93.05815343,92.72382203,93.01215075,92.99863375,93.10647053,92.32880933,93.26286309,93.38984583,93.53460352,93.80645818,94.15283734,93.81192712,93.71158096,93.91313618,93.99526812,93.17255871
"Hong Kong SAR, China",HKG,"Immunization, measles (% of children ages 12-23 months)",SH.IMM.MEAS,,,,,,,,,,,,,,,,,,,,,,,,,,,,,,,,,,,,,,,,
Honduras,HND,"Immunization, measles (% of children ages 12-23 months)",SH.IMM.MEAS,31,34,48,49,44,53,60,57,76,94,90,86,89,94,93,89,91,89,98,98,98,99,97,95,92,96,95,94,93,98,98,97,97,97,96,96,96,96,89,87
Heavily indebted poor countries (HIPC),HPC,"Immunization, measles (% of children ages 12-23 months)",SH.IMM.MEAS,9.399428665,15.54742934,18.98337482,21.40134216,22.68573092,28.4865203,35.93751416,38.86790711,44.48997134,48.44386531,52.34394251,46.09357508,45.73982593,47.66270898,53.77042179,52.47346238,53.3338386,51.80032093,49.86319458,50.30333788,54.32589299,54.73760692,57.12176161,60.86428048,63.14990695,65.84288645,68.18732725,70.40209085,70.02633932,73.58527153,75.62642388,75.75333546,76.00282548,74.57145053,73.53648093,73.51947466,71.78234788,73.18642434,72.45712564,73.43148816
Croatia,HRV,"Immunization, measles (% of children ages 12-23 months)",SH.IMM.MEAS,,,,,,,,,,,,,90,90,90,92,92,91,91,92,93,94,95,94,96,96,95,96,96,95,96,96,95,94,94,93,90,89,93,93
Haiti,HTI,"Immunization, measles (% of children ages 12-23 months)",SH.IMM.MEAS,,,3,6,8,21,26,23,59,31,31,35,39,44,48,49,50,52,53,54,55,55,56,57,57,58,59,60,62,63,64,65,66,68,69,69,69,69,69,65
Hungary,HUN,"Immunization, measles (% of children ages 12-23 months)",SH.IMM.MEAS,99,99,99,99,99,99,99,99,99,99,99,99,99,99,99,99,99,99,99,99,99,99,99,99,99,99,99,99,99,99,99,99,99,99,99,99,99,99,99,99
IBRD only,IBD,"Immunization, measles (% of children ages 12-23 months)",SH.IMM.MEAS,9.754299344,11.78324997,12.33376059,35.49199898,39.43049694,46.4387778,44.65113008,55.03153957,66.39634832,70.9513306,77.7568742,72.98937728,73.79467195,74.36995634,75.23632659,78.32884793,78.02028242,75.42441933,75.07338031,76.26101059,76.36725397,77.46701798,76.25022179,77.51369565,79.3803041,80.70816229,83.09506345,83.60090856,85.31717478,87.66137081,89.00615246,90.3027404,90.2346413,90.19811789,90.33533588,91.15069554,91.45004413,91.04580868,92.32673192,92.30553476
IDA & IBRD total,IBT,"Immunization, measles (% of children ages 12-23 months)",SH.IMM.MEAS,8.526377245,10.98237055,11.89734589,30.08156303,34.56290057,41.15817056,41.52887248,50.18316627,60.40557556,66.27548192,72.33314995,68.15079194,68.28442769,68.73376977,70.04850891,71.98727373,71.15410575,69.52376317,69.17702718,69.90522523,70.44107745,71.19535755,70.43848744,72.07735068,74.05127767,75.53804426,77.38684388,78.08527401,79.8015845,82.54714907,83.32819835,83.94015033,83.49590896,83.50063906,83.5594114,84.02886518,84.32586628,84.35707537,84.7851352,84.92980106
IDA total,IDA,"Immunization, measles (% of children ages 12-23 months)",SH.IMM.MEAS,4.759565086,8.605727388,10.59017306,13.94808771,20.06412101,25.41851893,32.14411668,35.56605519,42.2955458,52.23762504,56.37338719,54.02565649,53.1408675,54.13360955,57.33563594,57.14340981,56.39195246,56.38921659,56.21487776,56.08888786,57.74218371,57.74376607,58.48016142,61.13980277,63.55884259,65.55035952,66.56078388,67.72117696,69.55741953,73.15461979,73.02073719,72.60845491,71.64705674,71.87868013,71.96862164,72.03486842,72.54195391,73.44046211,72.69145291,73.32002
IDA blend,IDB,"Immunization, measles (% of children ages 12-23 months)",SH.IMM.MEAS,0.934425938,4.491126301,5.105862086,11.69970317,26.99398969,34.33781221,40.53679706,45.05830532,50.72761215,57.1588673,56.61696989,57.96276309,54.76244219,52.60090478,52.87632787,53.00844819,51.33204495,52.17381357,54.06119113,52.25921234,52.26051142,52.29282554,51.89932967,53.96171364,55.62659425,56.20994231,57.72784634,56.1199001,61.97029346,65.89190473,63.71123135,61.80217342,61.24441774,63.20458498,64.33894161,64.35771277,67.81237666,68.24584947,66.69832219,67.38161832
Indonesia,IDN,"Immunization, measles (% of children ages 12-23 months)",SH.IMM.MEAS,,,,6,13,26,45,48,51,54,58,61,65,68,66,63,79,77,77,77,76,76,72,74,76,77,79,76,76,74,78,80,82,87,86,87,88,90,89,88
IDA only,IDX,"Immunization, measles (% of children ages 12-23 months)",SH.IMM.MEAS,6.525319021,10.51491677,13.14893326,15.0014203,16.80452356,21.20535017,28.17298524,31.0091243,38.22007137,49.84871673,56.2550179,52.1049724,52.3130462,54.90973812,59.5842417,59.2219165,58.91766068,58.49454812,57.28832126,57.99387593,60.46275741,60.44235735,61.74544343,64.69822806,67.49295348,70.1934037,70.96181677,73.53144742,73.37816286,76.83402096,77.76584847,78.09465546,76.94943489,76.3234505,75.89420525,75.9946988,74.98798324,76.1248362,75.7850425,76.37844779
Isle of Man,IMN,"Immunization, measles (% of children ages 12-23 months)",SH.IMM.MEAS,,,,,,,,,,,,,,,,,,,,,,,,,,,,,,,,,,,,,,,,
India,IND,"Immunization, measles (% of children ages 12-23 months)",SH.IMM.MEAS,,,,,,1,10,24,32,42,56,43,51,59,67,72,66,55,53,56,56,57,56,60,64,68,69,70,72,78,82,84,83,83,85,87,88,90,93,95
Not classified,INX,"Immunization, measles (% of children ages 12-23 months)",SH.IMM.MEAS,,,,,,,,,,,,,,,,,,,,,,,,,,,,,,,,,,,,,,,,
Ireland,IRL,"Immunization, measles (% of children ages 12-23 months)",SH.IMM.MEAS,,,,10,10,63,65,66,68,78,78,78,78,78,78,77,77,77,77,77,79,73,73,78,81,84,86,87,89,90,90,92,92,93,93,93,92,92,92,91
"Iran, Islamic Rep.",IRN,"Immunization, measles (% of children ages 12-23 months)",SH.IMM.MEAS,39,48,55,38,38,62,55,55,83,79,85,84,96,96,97,95,99,95,99,99,99,96,99,99,96,94,99,97,98,99,99,99,98,98,99,99,99,99,99,99
Iraq,IRQ,"Immunization, measles (% of children ages 12-23 months)",SH.IMM.MEAS,9,10,11,12,25,70,75,91,85,79,75,71,67,63,72,80,82,85,88,90,86,82,77,73,69,69,62,64,76,81,75,80,74,72,68,71,80,85,83,82
Iceland,ISL,"Immunization, measles (% of children ages 12-23 months)",SH.IMM.MEAS,,,,81,96,96,95,97,99,99,99,99,99,99,98,99,99,99,96,94,91,88,91,93,93,90,95,95,96,92,93,94,90,91,90,93,91,92,93,93
Israel,ISR,"Immunization, measles (% of children ages 12-23 months)",SH.IMM.MEAS,81,83,88,85,85,85,88,88,86,88,91,94,94,92,92,93,96,97,94,94,95,95,95,96,97,94,96,97,98,97,96,97,96,98,97,98,97,98,98,98
Italy,ITA,"Immunization, measles (% of children ages 12-23 months)",SH.IMM.MEAS,,,,,,,,,,,43,50,50,50,50,50,55,57,55,70,74,77,81,84,86,87,88,90,90,90,91,90,90,90,87,85,87,92,93,94
Jamaica,JAM,"Immunization, measles (% of children ages 12-23 months)",SH.IMM.MEAS,,,12,15,60,64,36,62,68,71,74,77,63,80,82,90,96,88,88,82,88,85,86,78,86,84,87,76,88,88,89,88,93,94,92,91,95,95,89,94
Jordan,JOR,"Immunization, measles (% of children ages 12-23 months)",SH.IMM.MEAS,29,40,48,56,65,73,81,87,87,84,87,85,91,88,91,92,94,95,93,83,94,99,95,96,99,95,99,95,95,95,98,98,98,97,98,94,96,93,92,87
Japan,JPN,"Immunization, measles (% of children ages 12-23 months)",SH.IMM.MEAS,69,68,66,70,73,73,74,75,76,77,73,71,69,68,81,93,94,94,95,95,96,98,98,98,98,98,97,96,95,94,94,94,96,95,98,96,96,97,97,96
Kazakhstan,KAZ,"Immunization, measles (% of children ages 12-23 months)",SH.IMM.MEAS,,,,,,,,,,,,,89,91,91,95,97,97,99,99,99,95,95,99,99,99,99,99,99,99,99,99,96,99,99,99,99,99,99,99
Kenya,KEN,"Immunization, measles (% of children ages 12-23 months)",SH.IMM.MEAS,,,,,55,63,65,69,72,75,78,81,84,84,84,83,81,79,90,76,78,77,78,72,73,69,77,80,90,88,86,87,93,94,95,96,96,89,89,89
Kyrgyz Republic,KGZ,"Immunization, measles (% of children ages 12-23 months)",SH.IMM.MEAS,,,,,,,,,,,,,94,93,88,97,98,98,98,99,98,99,98,99,99,99,97,99,99,99,99,97,98,99,96,99,97,95,96,96
Cambodia,KHM,"Immunization, measles (% of children ages 12-23 months)",SH.IMM.MEAS,,,,,27,29,54,53,39,39,34,39,33,36,50,62,56,50,54,63,65,59,52,65,80,79,78,79,89,92,90,88,84,79,83,84,84,84,84,84
Kiribati,KIR,"Immunization, measles (% of children ages 12-23 months)",SH.IMM.MEAS,,,,24,8,4,9,14,54,63,75,62,77,89,70,47,64,82,77,62,80,76,88,72,56,85,61,93,72,82,89,90,91,91,88,84,80,81,84,94
St. Kitts and Nevis,KNA,"Immunization, measles (% of children ages 12-23 months)",SH.IMM.MEAS,,,,,85,91,96,91,77,90,99,99,99,99,99,99,99,97,99,99,99,90,99,98,98,99,99,99,99,99,99,99,95,99,93,95,98,93,96,97
"Korea, Rep.",KOR,"Immunization, measles (% of children ages 12-23 months)",SH.IMM.MEAS,4,5,5,33,61,89,89,82,70,95,93,93,93,92,92,93,89,85,85,90,95,96,97,96,99,99,99,92,92,93,98,99,99,99,99,98,98,97,98,98
Kuwait,KWT,"Immunization, measles (% of children ages 12-23 months)",SH.IMM.MEAS,48,71,79,80,88,91,93,95,97,98,66,75,85,95,98,98,99,95,99,96,99,99,97,97,97,99,99,99,99,99,98,99,99,99,94,93,99,99,98,98
Latin America & Caribbean (excluding high income),LAC,"Immunization, measles (% of children ages 12-23 months)",SH.IMM.MEAS,40.24874703,47.92456311,47.50023679,46.66315651,51.28315551,59.38813003,60.87686891,59.55100446,65.7391471,69.97275074,76.05018111,80.90147043,83.64447593,82.7925671,81.45004668,87.98032456,84.86355919,89.52979094,90.61457097,92.52657157,94.00252201,94.54194702,94.07463924,94.53630057,93.93874924,93.88189369,95.16237426,94.32714655,95.23424528,94.57107989,94.33106573,95.12340798,95.87561133,92.06807759,92.83576568,92.95638585,92.5995205,85.96826164,92.02392251,85.88426136
Lao PDR,LAO,"Immunization, measles (% of children ages 12-23 months)",SH.IMM.MEAS,,7,7,7,6,6,10,11,23,20,32,47,46,46,73,68,73,67,71,71,42,50,55,42,36,41,48,40,52,59,64,69,72,82,87,83,66,72,69,69
Lebanon,LBN,"Immunization, measles (% of children ages 12-23 months)",SH.IMM.MEAS,,,1,8,16,23,30,39,48,58,61,65,76,88,88,85,85,89,83,77,71,65,59,53,58,63,69,74,79,80,80,81,81,82,82,82,82,82,82,82
Liberia,LBR,"Immunization, measles (% of children ages 12-23 months)",SH.IMM.MEAS,,,,,,,,,,,,,,,,,,,,69,63,58,52,47,41,62,63,71,76,83,65,71,80,74,58,74,80,87,91,85
Libya,LBY,"Immunization, measles (% of children ages 12-23 months)",SH.IMM.MEAS,61,66,65,71,76,75,78,75,76,79,89,87,88,91,92,92,93,91,92,92,93,93,91,96,99,97,98,98,98,98,98,98,98,96,93,98,97,94,73,73
St. Lucia,LCA,"Immunization, measles (% of children ages 12-23 months)",SH.IMM.MEAS,,,43,36,60,68,91,81,83,91,82,97,75,94,92,94,95,95,90,95,88,89,98,90,95,94,94,94,99,99,95,91,99,99,99,97,99,87,86,96
Latin America & Caribbean,LCN,"Immunization, measles (% of children ages 12-23 months)",SH.IMM.MEAS,41.93943665,48.73927527,48.45652822,47.58011399,51.80972215,59.9564754,61.07405011,60.27138217,65.82801689,69.61284989,75.95316302,80.59737182,82.72935302,82.12397586,82.49936577,86.2354313,84.10978673,88.65333156,90.88805825,92.1589274,93.54163933,94.73960719,93.52327693,93.96156172,93.21829033,92.85167813,94.34298171,93.87597802,95.11840627,94.11788564,93.44827352,94.50685432,95.21025454,91.63226542,92.73917191,92.98368343,92.35883081,86.69357838,91.22125262,86.4742284
Least developed countries: UN classification,LDC,"Immunization, measles (% of children ages 12-23 months)",SH.IMM.MEAS,5.789006211,9.77071696,12.00467895,14.83118205,16.25254557,20.70020472,26.98164834,30.48013999,37.27720962,48.08488842,54.30000965,50.13925381,49.73355328,52.57449587,57.57962828,57.18667759,56.99613611,56.83830789,54.72048585,55.18699343,57.06910452,58.14989514,59.50382745,62.28067399,65.05911348,67.02757887,68.10499269,71.87812927,71.71974617,74.921634,76.50101494,77.12740765,76.05788783,75.28671166,74.89735305,74.65783404,73.06108289,74.00659652,73.97618614,74.71221751
Low income,LIC,"Immunization, measles (% of children ages 12-23 months)",SH.IMM.MEAS,7.346123703,13.28651538,17.22412878,17.83458579,18.62213812,23.79061171,28.94509794,31.58118655,38.30090948,46.401246,50.76400236,43.12759072,41.83321337,44.76608373,49.64898236,47.59289457,48.3979339,46.3679274,45.11989772,46.52878823,50.43746798,50.68592517,52.80331831,56.13533199,59.27978495,62.06163785,64.31744909,67.09221365,67.20687153,70.79845996,73.0437256,73.57123397,71.69833773,70.21728546,69.37634809,69.26180655,68.09048533,69.21958488,68.67233401,69.96721872
Liechtenstein,LIE,"Immunization, measles (% of children ages 12-23 months)",SH.IMM.MEAS,,,,,,,,,,,,,,,,,,,,,,,,,,,,,,,,,,,,,,,,
Sri Lanka,LKA,"Immunization, measles (% of children ages 12-23 months)",SH.IMM.MEAS,,,,,3,20,45,60,68,76,80,79,82,86,84,87,89,94,94,95,99,99,99,99,96,99,99,98,98,97,99,99,99,99,99,99,99,99,99,99
Lower middle income,LMC,"Immunization, measles (% of children ages 12-23 months)",SH.IMM.MEAS,3.656076483,4.786437343,6.007997898,8.541831217,12.89508575,19.70886531,28.47343307,36.80985406,45.24210115,54.20939083,62.3338706,57.13812073,61.20351609,64.91276428,68.68304892,70.51872267,68.92873375,64.63910032,64.00725554,64.63222636,64.69095027,65.45983955,64.80912602,67.37704462,70.04636385,72.0258666,72.76928359,73.14575024,74.96114862,78.50072168,79.56467908,80.2745184,79.99613202,80.97298037,81.29653941,82.12242057,83.06038987,83.98055306,84.42608597,85.08194653
Low & middle income,LMY,"Immunization, measles (% of children ages 12-23 months)",SH.IMM.MEAS,7.572975919,10.05938605,11.01456987,29.4768988,34.01016659,40.66169705,41.10784983,49.79276381,60.19929618,66.29888603,72.32273255,68.1029385,68.26785083,68.72161574,69.82628079,71.93086577,70.95435093,69.24712202,68.84033926,69.68227323,70.27854486,71.03304571,70.36306409,72.00995517,74.00933452,75.53296065,77.35457754,78.03472913,79.71475952,82.51373174,83.34164995,83.92458733,83.48152155,83.49997542,83.53044592,83.9948755,84.32810345,84.32716254,84.8462093,84.91307234
Lesotho,LSO,"Immunization, measles (% of children ages 12-23 months)",SH.IMM.MEAS,49,49,51,53,63,73,76,78,79,79,80,81,81,82,82,83,82,80,79,77,74,70,78,85,84,83,82,81,80,84,88,92,91,90,92,93,90,90,90,90
Late-demographic dividend,LTE,"Immunization, measles (% of children ages 12-23 months)",SH.IMM.MEAS,10.63756969,13.69562558,13.35977326,64.97150452,70.7790177,75.17758604,61.27776301,72.25942159,86.8744821,88.76976149,93.66861998,90.14154781,86.35230513,83.29767017,79.2835449,84.0717374,85.68499315,86.95969868,86.68225094,87.80001291,88.37859505,89.11033401,89.04217465,88.95379054,90.00214453,90.32384589,94.31546181,94.43720542,96.81484766,98.01298818,98.13266855,97.99888608,98.12280019,98.20385033,97.9832524,97.89026363,97.79455891,97.30554115,97.40054495,97.27521964
Lithuania,LTU,"Immunization, measles (% of children ages 12-23 months)",SH.IMM.MEAS,,,,,,,,,,,,,89,92,93,94,96,96,97,97,97,97,98,98,98,97,97,97,97,96,96,94,93,93,93,94,94,94,92,93
Luxembourg,LUX,"Immunization, measles (% of children ages 12-23 months)",SH.IMM.MEAS,,,,39,49,58,68,77,71,80,80,80,80,83,86,88,91,91,92,92,93,94,94,95,95,95,95,96,96,96,96,96,99,99,99,99,99,99,99,99
Latvia,LVA,"Immunization, measles (% of children ages 12-23 months)",SH.IMM.MEAS,,,,,,,,,,,,,95,80,81,81,96,97,97,97,97,98,98,98,98,98,98,95,96,92,95,92,90,96,95,96,93,96,98,99
"Macao SAR, China",MAC,"Immunization, measles (% of children ages 12-23 months)",SH.IMM.MEAS,,,,,,,,,,,,,,,,,,,,,,,,,,,,,,,,,,,,,,,,
St. Martin (French part),MAF,"Immunization, measles (% of children ages 12-23 months)",SH.IMM.MEAS,,,,,,,,,,,,,,,,,,,,,,,,,,,,,,,,,,,,,,,,
Morocco,MAR,"Immunization, measles (% of children ages 12-23 months)",SH.IMM.MEAS,,,17,35,42,45,58,73,81,82,79,80,81,83,87,88,93,92,91,90,93,96,94,90,95,97,95,95,96,98,98,99,99,99,99,99,99,99,99,99
Monaco,MCO,"Immunization, measles (% of children ages 12-23 months)",SH.IMM.MEAS,,,,,,,,,99,99,99,98,98,99,99,99,99,99,99,99,98,98,97,97,96,96,94,95,94,92,93,91,91,91,90,89,89,88,88,88
Moldova,MDA,"Immunization, measles (% of children ages 12-23 months)",SH.IMM.MEAS,,,,,,,,,,,,,73,64,85,91,90,95,93,93,89,94,94,96,96,97,96,96,95,90,97,91,91,91,90,89,88,93,93,97
Madagascar,MDG,"Immunization, measles (% of children ages 12-23 months)",SH.IMM.MEAS,,,,,1,6,18,28,36,44,47,54,54,54,63,55,46,46,51,55,57,59,61,65,79,74,71,81,70,63,66,62,61,63,64,58,59,60,62,69
Maldives,MDV,"Immunization, measles (% of children ages 12-23 months)",SH.IMM.MEAS,,39,34,37,40,47,50,41,83,88,96,97,98,86,97,96,95,96,98,97,99,98,97,96,97,97,97,97,97,98,97,96,98,99,99,99,99,99,99,99
Middle East & North Africa,MEA,"Immunization, measles (% of children ages 12-23 months)",SH.IMM.MEAS,22.77496482,25.69912601,33.81739354,32.8757919,37.40859069,61.10516035,64.06261685,66.3205048,78.23542514,80.84966219,83.13405884,82.69241207,84.17690782,84.68945852,84.48217729,85.18527625,87.46791294,87.09688591,90.79025735,90.5550515,90.71088498,90.04752613,89.00963079,88.71982272,88.83312889,88.85088289,88.73193862,89.07311165,89.08937145,90.83428894,91.065611,91.43471487,88.59683126,89.82192116,88.4331992,88.58748991,90.97598002,90.29142035,88.82795729,88.84557343
Mexico,MEX,"Immunization, measles (% of children ages 12-23 months)",SH.IMM.MEAS,35,33,37,23,21,64,60,54,70,85,75,89,88,79,90,90,93,91,96,94,96,95,96,96,96,96,96,96,96,96,95,98,99,89,97,97,96,76,97,73
Marshall Islands,MHL,"Immunization, measles (% of children ages 12-23 months)",SH.IMM.MEAS,,,,,,,,31,25,39,52,74,86,36,59,57,69,52,93,93,94,64,80,90,70,86,96,94,86,78,97,88,78,79,79,75,75,83,83,85
Middle income,MIC,"Immunization, measles (% of children ages 12-23 months)",SH.IMM.MEAS,7.595671216,9.729367746,10.38159662,30.66934258,35.59082376,42.39847768,42.35955632,51.65308344,62.43787265,68.35510812,74.60540195,70.78183888,71.17178107,71.52580872,72.32381324,75.08634038,74.12539054,72.38961075,72.15618865,72.97360268,73.15553226,74.00493897,73.02795911,74.48086674,76.35845267,77.72853332,79.52327498,79.88003075,81.85456456,84.54413665,85.14807361,85.79621074,85.63392509,85.95283292,86.17600853,86.78720541,87.45193784,87.27841944,88.06187056,87.94116132
North Macedonia,MKD,"Immunization, measles (% of children ages 12-23 months)",SH.IMM.MEAS,,,,,,,,,,,,,,98,88,97,91,98,96,98,97,92,98,96,96,96,94,96,98,96,98,97,96,96,93,89,82,83,75,75
Mali,MLI,"Immunization, measles (% of children ages 12-23 months)",SH.IMM.MEAS,,,,,,19,27,11,23,40,43,42,35,51,46,52,57,56,54,51,49,54,56,57,63,73,68,66,71,73,78,72,67,62,61,66,70,70,70,70
Malta,MLT,"Immunization, measles (% of children ages 12-23 months)",SH.IMM.MEAS,,,,,10,10,35,59,41,86,80,90,92,90,71,51,51,56,60,67,74,70,65,90,94,86,94,79,78,82,73,84,93,99,98,89,93,91,96,96
Myanmar,MMR,"Immunization, measles (% of children ages 12-23 months)",SH.IMM.MEAS,,,,,,,5,17,32,50,68,67,68,71,77,82,86,88,89,86,84,73,77,80,86,84,78,81,82,87,88,88,84,86,88,84,91,83,93,84
Middle East & North Africa (excluding high income),MNA,"Immunization, measles (% of children ages 12-23 months)",SH.IMM.MEAS,22.5538799,25.47420625,31.52013225,29.46882328,33.77819306,59.2804587,62.43637938,64.82479551,77.77063428,79.8371831,82.65839071,81.5156935,83.60348508,83.88489966,83.45823783,84.13901726,86.77943157,86.34238489,90.41811899,90.24003692,90.20706368,89.47260206,88.05914243,87.79752412,87.81070701,87.89192254,87.89669707,88.18999358,88.09073717,89.9734309,90.2570148,90.63263349,87.46151033,88.79224887,87.28783251,87.46754447,90.13147184,89.46835436,87.69592127,87.91678418
Montenegro,MNE,"Immunization, measles (% of children ages 12-23 months)",SH.IMM.MEAS,,,,,,,,,,,,,,,,,,,,,,,,,,,90,90,89,86,90,91,90,88,76,64,47,58,42,42
Mongolia,MNG,"Immunization, measles (% of children ages 12-23 months)",SH.IMM.MEAS,17,12,6,1,20,18,11,61,70,86,92,82,84,84,80,85,89,91,93,93,92,95,98,98,99,97,99,98,97,94,97,98,99,97,98,98,98,99,99,98
Northern Mariana Islands,MNP,"Immunization, measles (% of children ages 12-23 months)",SH.IMM.MEAS,,,,,,,,,,,,,,,,,,,,,,,,,,,,,,,,,,,,,,,,
Mozambique,MOZ,"Immunization, measles (% of children ages 12-23 months)",SH.IMM.MEAS,,32,58,51,50,39,39,37,44,48,59,55,56,62,65,71,58,61,64,67,71,74,77,80,79,78,76,75,77,80,82,83,85,86,87,87,87,87,87,87
Mauritania,MRT,"Immunization, measles (% of children ages 12-23 months)",SH.IMM.MEAS,,45,44,43,42,41,40,27,45,42,38,32,43,49,53,67,66,64,62,62,46,58,87,84,73,65,62,67,65,59,67,67,75,80,75,70,72,78,78,78
Mauritius,MUS,"Immunization, measles (% of children ages 12-23 months)",SH.IMM.MEAS,,,34,53,55,67,71,69,73,80,76,88,84,84,85,89,61,87,85,80,84,90,84,91,98,98,99,98,98,99,99,99,99,99,98,99,92,89,99,99
Malawi,MWI,"Immunization, measles (% of children ages 12-23 months)",SH.IMM.MEAS,49,64,64,58,50,49,60,79,82,84,81,85,91,87,83,90,90,87,90,82,73,81,69,77,80,82,85,83,88,92,93,96,90,88,85,87,81,83,87,92
Malaysia,MYS,"Immunization, measles (% of children ages 12-23 months)",SH.IMM.MEAS,,,,11,23,20,35,68,61,61,70,80,82,81,95,97,97,98,96,97,96,95,94,93,95,96,95,95,95,95,95,95,95,95,94,93,93,93,96,97
North America,NAC,"Immunization, measles (% of children ages 12-23 months)",SH.IMM.MEAS,77.6776192,87.71279456,87.76525979,88.76537229,88.85631933,88.02705461,88.14499527,80.91131198,96.82956984,93.373242,89.91074929,87.44052706,83.98879991,85.08293581,89.7221136,88.71807096,91.53611393,91.43739814,92.34282663,92.33512714,91.40965514,91.3195028,91.312189,93.1532589,93.0758655,92.15173664,92.07491534,92.15655209,92.0802379,90.08223434,91.83201509,91.65464798,90.826798,91.82484442,91.8230741,91.73201107,91.73206304,91.81785058,91.81657139,90
Namibia,NAM,"Immunization, measles (% of children ages 12-23 months)",SH.IMM.MEAS,,,,,,,,,,,,76,76,71,70,68,61,59,64,65,69,58,68,70,70,73,63,69,73,76,75,74,76,82,83,85,75,80,82,80
New Caledonia,NCL,"Immunization, measles (% of children ages 12-23 months)",SH.IMM.MEAS,,,,,,,,,,,,,,,,,,,,,,,,,,,,,,,,,,,,,,,,
Niger,NER,"Immunization, measles (% of children ages 12-23 months)",SH.IMM.MEAS,,19,18,16,22,27,27,27,24,14,25,28,21,19,19,40,38,35,35,35,37,39,41,43,45,47,53,60,66,69,67,69,75,80,80,85,76,82,77,79
Nigeria,NGA,"Immunization, measles (% of children ages 12-23 months)",SH.IMM.MEAS,,,,,9,17,28,36,46,59,54,57,43,40,41,44,38,38,38,35,33,32,30,34,37,41,44,41,53,64,56,49,42,43,44,42,51,54,54,54
Nicaragua,NIC,"Immunization, measles (% of children ages 12-23 months)",SH.IMM.MEAS,15,20,40,41,56,59,51,47,63,63,82,54,83,84,84,85,85,86,91,87,86,99,98,93,84,96,99,99,99,99,99,99,99,99,99,99,99,99,99,99
Netherlands,NLD,"Immunization, measles (% of children ages 12-23 months)",SH.IMM.MEAS,91,91,92,92,92,92,93,93,94,94,94,94,95,94,94,94,96,96,96,96,96,95,95,96,96,95,96,96,96,96,96,96,96,96,96,95,94,93,93,94
Norway,NOR,"Immunization, measles (% of children ages 12-23 months)",SH.IMM.MEAS,,,,80,80,90,87,87,87,84,87,94,96,93,94,92,92,93,91,90,88,90,87,86,89,90,92,92,93,93,93,93,94,93,94,95,96,96,96,97
Nepal,NPL,"Immunization, measles (% of children ages 12-23 months)",SH.IMM.MEAS,,2,2,11,24,34,37,37,58,57,57,57,58,58,58,56,65,73,67,81,71,71,71,75,73,74,85,81,79,90,86,88,86,88,88,85,83,90,91,92
Nauru,NRU,"Immunization, measles (% of children ages 12-23 months)",SH.IMM.MEAS,,,,,,,,,,,,,,,,,,99,90,49,8,95,40,53,67,80,99,99,99,99,99,99,96,97,98,98,98,95,99,95
New Zealand,NZL,"Immunization, measles (% of children ages 12-23 months)",SH.IMM.MEAS,80,77,74,71,67,64,60,67,75,83,90,82,82,85,87,84,92,99,81,83,85,85,84,84,83,82,82,79,86,89,91,93,92,92,93,93,92,93,92,92
OECD members,OED,"Immunization, measles (% of children ages 12-23 months)",SH.IMM.MEAS,44.20593952,51.63898345,53.9395682,57.11850596,61.12604908,69.44296976,70.67744674,70.16140705,78.85667792,81.66632862,82.1280576,82.86223149,82.03259249,82.19681903,86.33658365,87.09457552,88.79086364,88.43714666,89.02529965,89.64573721,91.12302676,91.90506889,91.71763393,91.65040863,92.33243488,92.99634529,93.80451409,93.48944966,93.69247728,92.6995474,93.27341808,93.84557469,94.25621349,93.15292396,94.18298991,94.31150626,94.13070253,91.35878539,94.3902681,90.57228709
Oman,OMN,"Immunization, measles (% of children ages 12-23 months)",SH.IMM.MEAS,22,10,24,34,53,65,79,86,87,94,98,96,96,95,97,98,98,98,98,99,99,99,99,98,98,98,96,97,98,99,99,99,99,99,99,99,99,99,99,99
Other small states,OSS,"Immunization, measles (% of children ages 12-23 months)",SH.IMM.MEAS,24.88055134,29.04262864,33.76792006,41.45260663,47.44316139,57.61608021,65.81366302,70.41938418,72.53381355,77.94362721,80.94883139,77.15435939,73.75255963,77.45850758,78.26761905,77.09151641,74.07643409,74.94136569,75.9491822,75.28288178,77.086497,75.68639748,77.33326101,78.85235973,79.6838604,79.29460964,79.09699941,80.00233175,82.01251505,82.83646432,82.57130644,83.86254624,85.00468336,85.83215756,85.49568951,85.96106585,84.42253963,84.37707126,84.24631802,83.59859575
Pakistan,PAK,"Immunization, measles (% of children ages 12-23 months)",SH.IMM.MEAS,1,2,3,19,33,38,41,43,46,48,50,51,52,52,53,47,50,52,54,56,57,59,60,62,63,61,59,57,56,56,57,59,63,68,71,75,75,76,73,75
Panama,PAN,"Immunization, measles (% of children ages 12-23 months)",SH.IMM.MEAS,71,76,64,85,72,84,74,78,73,73,73,80,76,83,84,84,90,92,96,90,97,95,95,95,97,99,95,95,96,96,97,97,98,92,90,93,95,98,98,97
Peru,PER,"Immunization, measles (% of children ages 12-23 months)",SH.IMM.MEAS,23,26,32,28,35,53,41,56,52,52,64,74,83,75,75,98,87,91,93,93,97,97,95,95,85,77,93,92,92,91,94,96,94,85,89,92,88,83,85,85
Philippines,PHL,"Immunization, measles (% of children ages 12-23 months)",SH.IMM.MEAS,,,9,27,44,49,51,67,77,83,85,83,81,78,75,72,76,79,80,80,78,81,82,87,92,92,92,92,92,88,80,87,87,87,79,82,80,73,67,67
Palau,PLW,"Immunization, measles (% of children ages 12-23 months)",SH.IMM.MEAS,,,,,,,98,98,99,98,98,98,94,32,41,99,99,83,74,96,83,91,99,99,99,98,98,91,97,75,39,85,91,99,83,95,96,93,90,97
Papua New Guinea,PNG,"Immunization, measles (% of children ages 12-23 months)",SH.IMM.MEAS,,,,1,26,33,39,37,46,52,67,69,70,28,36,42,24,50,63,67,69,65,73,77,77,82,82,72,66,65,63,66,71,72,65,57,46,38,37,37
Poland,POL,"Immunization, measles (% of children ages 12-23 months)",SH.IMM.MEAS,92,93,93,94,94,92,92,94,95,95,95,94,95,95,96,96,97,97,97,97,97,97,98,97,97,98,99,98,98,98,98,98,98,98,97,96,96,94,93,93
Pre-demographic dividend,PRE,"Immunization, measles (% of children ages 12-23 months)",SH.IMM.MEAS,6.770395583,11.05750547,13.0092492,15.91868276,23.07565593,31.36529198,39.48304284,44.16655617,49.84222319,54.88114968,55.19986629,53.15070663,50.12535501,49.91784227,52.05520152,53.40565573,51.26019144,51.05523494,49.8794473,48.86446173,51.46938225,52.76078694,54.0010872,56.85977394,59.44098792,60.83813467,62.99026918,64.86746342,67.40840565,71.91127001,71.58863337,69.64790995,69.39850952,68.9131664,67.99580068,67.29531021,67.82070926,69.04490847,69.13069634,69.77273362
Puerto Rico,PRI,"Immunization, measles (% of children ages 12-23 months)",SH.IMM.MEAS,,,,,,,,,,,,,,,,,,,,,,,,,,,,,,,,,,,,,,,,
"Korea, Dem. People's Rep.",PRK,"Immunization, measles (% of children ages 12-23 months)",SH.IMM.MEAS,29,31,29,30,31,38,44,35,58,99,98,98,99,99,83,67,50,34,49,63,78,92,98,95,95,96,96,99,98,98,99,99,99,99,99,98,99,99,98,98
Portugal,PRT,"Immunization, measles (% of children ages 12-23 months)",SH.IMM.MEAS,54,49,46,48,48,70,75,81,84,96,85,96,99,95,91,94,99,96,96,92,87,90,93,96,95,93,97,95,97,95,96,97,97,98,98,98,98,98,99,99
Paraguay,PRY,"Immunization, measles (% of children ages 12-23 months)",SH.IMM.MEAS,19,16,26,37,62,48,46,56,63,58,69,74,87,96,76,75,81,61,71,82,92,90,86,91,91,91,91,91,91,91,93,91,88,88,84,78,85,92,93,87
West Bank and Gaza,PSE,"Immunization, measles (% of children ages 12-23 months)",SH.IMM.MEAS,,,,,,,,,,,,,,,,,,,,,,,,,,,,,,,,,,,,,,,,
Pacific island small states,PSS,"Immunization, measles (% of children ages 12-23 months)",SH.IMM.MEAS,14.72577809,19.43022751,12.27580384,27.89966833,24.08595703,43.26794942,49.69791074,60.72811429,68.30285043,73.9646352,79.01206578,81.64123537,81.78446277,84.06856689,80.35676502,82.11210928,87.78187328,76.05474207,76.35749461,83.42704379,83.40328249,81.32927737,82.00775058,79.51314995,76.89584305,82.19595639,84.56878043,85.33215822,77.5267157,77.92226752,81.39087312,83.70743995,88.58443442,87.27409447,86.65273628,82.58003624,85.33916509,84.75850486,84.52444972,87.11625653
Post-demographic dividend,PST,"Immunization, measles (% of children ages 12-23 months)",SH.IMM.MEAS,46.89079227,54.11484417,54.94380518,61.87390754,67.56092744,71.33086735,73.82998989,73.24907815,79.61656517,81.76935926,83.31981836,82.4093425,81.87452936,83.42075589,86.86073334,88.17721543,89.49979746,89.49002888,89.38548739,90.61199711,90.91406904,91.51301909,91.89773927,92.74254467,92.96006652,92.57951844,92.94011235,92.87964261,92.69694864,91.11496734,91.31843415,91.8466005,92.58452042,92.82282393,92.11128796,91.79290247,91.18975947,93.32612961,93.55444156,92.83834662
French Polynesia,PYF,"Immunization, measles (% of children ages 12-23 months)",SH.IMM.MEAS,,,,,,,,,,,,,,,,,,,,,,,,,,,,,,,,,,,,,,,,
Qatar,QAT,"Immunization, measles (% of children ages 12-23 months)",SH.IMM.MEAS,26,10,22,69,62,62,62,60,73,79,79,84,86,86,86,87,90,87,89,87,91,92,99,93,99,99,99,92,96,99,99,98,97,97,99,99,99,99,99,99
Romania,ROU,"Immunization, measles (% of children ages 12-23 months)",SH.IMM.MEAS,,,,83,86,88,81,90,78,90,92,92,91,93,91,93,94,97,97,98,98,98,98,97,97,97,95,97,96,96,95,93,94,92,89,86,86,86,90,90
Russian Federation,RUS,"Immunization, measles (% of children ages 12-23 months)",SH.IMM.MEAS,,,,,,,,,,,,,83,88,81,85,88,91,94,97,97,97,98,98,98,99,99,99,99,98,98,98,98,98,98,98,98,98,98,98
Rwanda,RWA,"Immunization, measles (% of children ages 12-23 months)",SH.IMM.MEAS,,42,48,53,53,52,79,78,79,83,83,89,82,74,25,84,76,66,72,78,74,69,69,90,84,89,95,94,92,95,95,95,97,95,97,96,95,97,99,96
South Asia,SAS,"Immunization, measles (% of children ages 12-23 months)",SH.IMM.MEAS,0.312006808,0.251582244,0.588482365,2.360205869,4.153093805,5.861957809,13.53565666,25.06023488,32.63249682,44.1439464,55.9365403,46.64900206,52.82329393,59.2157146,65.80002118,68.78424611,64.004923,56.58818883,54.97338264,57.68834284,57.79725912,59.27223315,58.42110777,61.83213,65.47071904,68.8270916,69.09612568,70.01540551,71.61975927,76.18219227,78.70835302,80.84414735,79.99148857,80.86922829,83.01685346,85.28799118,85.91175672,87.55095251,89.11012137,90.80672459
Saudi Arabia,SAU,"Immunization, measles (% of children ages 12-23 months)",SH.IMM.MEAS,8,12,53,65,71,79,77,77,81,90,88,95,88,91,93,94,92,92,93,92,94,94,97,96,97,97,95,96,97,98,98,98,98,98,98,98,98,96,98,95
Sudan,SDN,"Immunization, measles (% of children ages 12-23 months)",SH.IMM.MEAS,,1,1,2,3,6,11,22,44,61,57,57,52,49,48,51,59,58,49,51,58,58,58,65,67,69,73,79,79,82,90,87,85,85,86,87,86,90,88,90
Senegal,SEN,"Immunization, measles (% of children ages 12-23 months)",SH.IMM.MEAS,,,,,,,71,66,60,48,51,54,57,58,59,80,70,65,62,60,48,48,54,60,57,74,80,84,77,79,81,84,83,84,80,80,93,90,83,90
Singapore,SGP,"Immunization, measles (% of children ages 12-23 months)",SH.IMM.MEAS,47,57,78,88,85,75,85,94,87,81,84,92,89,87,95,97,97,98,96,97,96,95,94,93,95,96,95,95,95,95,95,95,95,95,95,95,95,95,95,95
Solomon Islands,SLB,"Immunization, measles (% of children ages 12-23 months)",SH.IMM.MEAS,,,,,,,31,58,69,92,70,76,70,64,60,68,90,68,66,99,91,83,78,82,87,87,99,90,71,69,74,77,87,76,76,75,82,84,93,81
Sierra Leone,SLE,"Immunization, measles (% of children ages 12-23 months)",SH.IMM.MEAS,,,,,,,,,,,,,,,,,,,,62,37,50,62,73,76,71,65,60,73,80,82,84,86,85,80,78,85,80,87,93
El Salvador,SLV,"Immunization, measles (% of children ages 12-23 months)",SH.IMM.MEAS,45,44,43,46,41,71,51,48,63,73,98,54,55,86,80,93,94,98,99,94,97,95,93,90,93,99,98,99,95,91,92,89,93,94,95,95,90,85,81,82
San Marino,SMR,"Immunization, measles (% of children ages 12-23 months)",SH.IMM.MEAS,,,,,,,,,,,,99,99,96,97,97,98,98,99,99,99,97,96,94,94,94,90,90,86,88,88,90,84,82,81,84,82,86,89,86
Somalia,SOM,"Immunization, measles (% of children ages 12-23 months)",SH.IMM.MEAS,9,3,4,6,16,35,25,28,33,30,30,30,32,33,35,34,33,25,32,38,24,20,45,40,40,35,35,35,34,43,46,46,46,46,46,46,46,46,46,46
Serbia,SRB,"Immunization, measles (% of children ages 12-23 months)",SH.IMM.MEAS,,,,,,,,,,,,,82,85,81,86,90,92,88,84,89,90,92,87,89,96,88,95,92,95,95,93,87,92,86,86,82,86,92,87
Sub-Saharan Africa (excluding high income),SSA,"Immunization, measles (% of children ages 12-23 months)",SH.IMM.MEAS,6.10276039,12.06961637,13.8742696,20.96817458,26.06043282,32.57459399,39.38719921,43.81221176,48.58041384,55.14298331,56.61949915,53.39045081,50.18260008,50.90721493,54.3826096,53.98134888,53.57045621,53.32129939,51.65106512,49.84712494,52.2685023,52.436816,53.70773259,56.23944153,58.31251939,60.11200541,62.82424575,65.06932946,67.24445023,71.94172923,72.26427513,70.90092577,70.52843487,69.4844891,68.87158809,68.14241492,68.37955547,69.0800208,68.75595736,69.61952046
South Sudan,SSD,"Immunization, measles (% of children ages 12-23 months)",SH.IMM.MEAS,,,,,,,,,,,,,,,,,,,,,,,,,,,,,,,,62,60,58,55,53,51,50,49,49
Sub-Saharan Africa,SSF,"Immunization, measles (% of children ages 12-23 months)",SH.IMM.MEAS,6.102021872,12.07160765,13.88003721,20.97677162,26.06592597,32.58055211,39.39289533,43.8171359,48.5841449,55.14600001,56.62204494,53.393383,50.18605014,50.91053599,54.38558784,53.98464794,53.57375048,53.32447803,51.65378499,49.85020673,52.27122731,52.43926707,53.71042439,56.24207441,58.31503945,60.11439064,62.8264547,65.07129964,67.24621853,71.94307095,72.26566293,70.90239137,70.52979435,69.48583938,68.8730542,68.1438512,68.38089254,69.08142283,68.75721173,69.62084534
Small states,SST,"Immunization, measles (% of children ages 12-23 months)",SH.IMM.MEAS,17.83115095,21.96056214,29.32154506,36.27454155,46.33800844,55.85929605,60.13239021,68.30900415,71.4085334,76.04147589,79.37468255,78.61173472,73.88063657,79.12613803,79.46219819,79.41178439,78.82498493,77.42839145,78.59473903,77.76409424,79.80737289,78.51346231,79.45199479,79.6673507,81.08476545,81.09177462,81.03479285,81.24033315,83.02767792,83.8856196,83.77765506,84.81522525,85.97886724,86.98925861,86.51973425,86.46789893,85.56263226,85.52495786,85.00656753,84.99224474
Sao Tome and Principe,STP,"Immunization, measles (% of children ages 12-23 months)",SH.IMM.MEAS,,25,32,40,48,35,58,69,69,45,71,77,52,57,65,74,57,60,59,64,69,75,85,87,91,88,85,86,93,90,92,91,92,91,92,93,93,90,95,95
Suriname,SUR,"Immunization, measles (% of children ages 12-23 months)",SH.IMM.MEAS,,39,17,71,75,73,78,70,83,73,65,84,61,61,72,85,87,79,82,85,84,82,73,69,86,91,83,85,86,88,87,79,64,81,70,76,76,76,77,64
Slovak Republic,SVK,"Immunization, measles (% of children ages 12-23 months)",SH.IMM.MEAS,,,,,,,,,,,,,,,97,99,99,99,99,99,98,99,99,99,99,98,98,99,99,99,98,98,99,98,97,95,95,96,96,96
Slovenia,SVN,"Immunization, measles (% of children ages 12-23 months)",SH.IMM.MEAS,,,,,,,,,,,,,90,90,91,93,93,82,93,98,95,94,93,94,94,94,96,96,96,95,95,96,95,94,94,94,92,93,93,94
Sweden,SWE,"Immunization, measles (% of children ages 12-23 months)",SH.IMM.MEAS,88,92,91,93,94,94,94,94,95,95,96,96,96,97,97,97,96,96,94,89,91,94,95,95,96,96,97,96,96,97,97,97,98,97,97,98,97,97,97,97
Eswatini,SWZ,"Immunization, measles (% of children ages 12-23 months)",SH.IMM.MEAS,,30,38,46,50,54,74,65,85,85,85,80,85,85,94,94,82,92,92,92,92,93,93,93,93,93,93,94,94,94,94,87,88,96,97,89,89,89,85,81
Sint Maarten (Dutch part),SXM,"Immunization, measles (% of children ages 12-23 months)",SH.IMM.MEAS,,,,,,,,,,,,,,,,,,,,,,,,,,,,,,,,,,,,,,,,
Seychelles,SYC,"Immunization, measles (% of children ages 12-23 months)",SH.IMM.MEAS,,29,64,98,77,90,95,95,89,89,86,89,92,92,92,97,98,99,93,99,97,95,98,99,99,99,99,99,99,97,99,99,98,97,99,98,97,99,96,99
Syrian Arab Republic,SYR,"Immunization, measles (% of children ages 12-23 months)",SH.IMM.MEAS,13,14,22,19,23,27,64,37,52,86,87,84,84,86,86,85,85,84,87,86,84,80,84,83,82,81,81,81,81,82,82,80,61,58,54,53,62,67,63,59
Turks and Caicos Islands,TCA,"Immunization, measles (% of children ages 12-23 months)",SH.IMM.MEAS,,,,,,,,,,,,,,,,,,,,,,,,,,,,,,,,,,,,,,,,
Chad,TCD,"Immunization, measles (% of children ages 12-23 months)",SH.IMM.MEAS,,,,,10,7,12,16,17,32,32,28,25,19,24,26,22,30,20,30,28,26,25,23,16,27,39,31,27,36,46,54,63,57,45,46,37,37,42,41
East Asia & Pacific (IDA & IBRD countries),TEA,"Immunization, measles (% of children ages 12-23 months)",SH.IMM.MEAS,0.052382222,0.081299565,0.598403438,52.36452652,59.49341883,66.49838137,55.56722915,67.61651573,83.06626273,85.58230221,89.88210298,86.27531451,82.36718706,78.55595861,75.27870344,78.06854419,83.13586713,82.6591807,82.94724632,83.47230715,83.00985853,83.43731072,82.86075853,83.61639793,85.48997248,85.52402736,89.64594686,89.28307527,91.77664651,92.85188884,92.96673547,93.8139849,93.94423763,94.93241658,94.13332434,94.30817979,94.43828898,93.93256027,93.60700118,93.08739567
Europe & Central Asia (IDA & IBRD countries),TEC,"Immunization, measles (% of children ages 12-23 months)",SH.IMM.MEAS,,,,,,,,,,,,,82.51311211,83.72151886,82.1921654,83.48373496,86.23313632,89.60606376,90.43075749,91.46822327,93.24333666,94.39144533,92.38973537,90.90315187,92.54805486,95.2400751,96.63622727,96.66332165,96.64071666,94.71550845,93.86599027,94.94425843,95.35533151,95.89974129,93.42938484,94.00952317,93.19865873,95.76627202,95.89334568,96.46024603
Togo,TGO,"Immunization, measles (% of children ages 12-23 months)",SH.IMM.MEAS,,,,,11,27,43,74,62,78,73,69,64,60,57,53,48,43,40,57,58,40,48,68,70,70,78,71,63,66,68,72,72,72,77,75,73,77,71,75
Thailand,THA,"Immunization, measles (% of children ages 12-23 months)",SH.IMM.MEAS,,,,,5,26,45,52,63,66,80,79,74,80,86,91,92,93,96,96,94,94,94,96,96,96,96,96,98,98,98,98,98,99,99,99,99,99,96,96
Tajikistan,TJK,"Immunization, measles (% of children ages 12-23 months)",SH.IMM.MEAS,,,,,,,,,,,,,68,81,73,70,79,84,83,79,88,88,89,91,92,85,82,85,86,89,94,98,94,92,98,97,97,98,98,98
Turkmenistan,TKM,"Immunization, measles (% of children ages 12-23 months)",SH.IMM.MEAS,,,,,,,,,,,,,76,84,90,92,98,99,99,97,96,98,88,97,97,99,99,99,99,99,99,99,99,99,99,99,99,99,99,99
Latin America & the Caribbean (IDA & IBRD countries),TLA,"Immunization, measles (% of children ages 12-23 months)",SH.IMM.MEAS,41.87591936,48.75844214,48.35832221,46.91791297,51.346738,59.54922569,60.72731712,59.61303427,65.426364,69.11837255,75.64190354,80.2754154,82.47063943,81.91732752,82.26740089,86.06515357,83.92837927,88.55382873,90.77679278,92.11148162,93.53543625,94.72234707,93.46438423,93.90013109,93.14715696,92.79386158,94.32826821,93.84472202,95.08850349,94.05918807,93.38617955,94.45745245,95.16873532,91.54325803,92.66120924,92.90763674,92.27643702,86.5439435,91.13488636,86.33441931
Timor-Leste,TLS,"Immunization, measles (% of children ages 12-23 months)",SH.IMM.MEAS,,,,,,,,,,,,,,,,,,,,,,,56,55,55,48,61,63,73,70,66,62,73,70,74,70,73,77,77,85
Middle East & North Africa (IDA & IBRD countries),TMN,"Immunization, measles (% of children ages 12-23 months)",SH.IMM.MEAS,22.5538799,25.47420625,31.52013225,29.46882328,33.77819306,59.2804587,62.43637938,64.82479551,77.77063428,79.8371831,82.65839071,81.5156935,83.60348508,83.78182058,83.26476552,84.32037216,86.63578008,86.17351474,90.38984625,90.2082693,90.15674784,89.32248022,87.95310142,87.6009824,87.66929242,87.71904862,87.71057047,88.02345818,87.95620474,89.85391285,90.12594923,90.490886,87.28757051,88.62620675,87.09964563,87.28372368,89.99138571,89.31815057,87.51776929,87.74140484
Tonga,TON,"Immunization, measles (% of children ages 12-23 months)",SH.IMM.MEAS,,9,44,67,43,81,37,88,81,84,86,90,87,87,86,94,95,97,96,97,95,93,90,99,99,99,99,99,99,99,99,99,95,99,99,99,98,99,99,99
South Asia (IDA & IBRD),TSA,"Immunization, measles (% of children ages 12-23 months)",SH.IMM.MEAS,0.312006808,0.251582244,0.588482365,2.360205869,4.153093805,5.861957809,13.53565666,25.06023488,32.63249682,44.1439464,55.9365403,46.64900206,52.82329393,59.2157146,65.80002118,68.78424611,64.004923,56.58818883,54.97338264,57.68834284,57.79725912,59.27223315,58.42110777,61.83213,65.47071904,68.8270916,69.09612568,70.01540551,71.61975927,76.18219227,78.70835302,80.84414735,79.99148857,80.86922829,83.01685346,85.28799118,85.91175672,87.55095251,89.11012137,90.80672459
Sub-Saharan Africa (IDA & IBRD countries),TSS,"Immunization, measles (% of children ages 12-23 months)",SH.IMM.MEAS,6.102021872,12.07160765,13.88003721,20.97677162,26.06592597,32.58055211,39.39289533,43.8171359,48.5841449,55.14600001,56.62204494,53.393383,50.18605014,50.91053599,54.38558784,53.98464794,53.57375048,53.32447803,51.65378499,49.85020673,52.27122731,52.43926707,53.71042439,56.24207441,58.31503945,60.11439064,62.8264547,65.07129964,67.24621853,71.94307095,72.26566293,70.90239137,70.52979435,69.48583938,68.8730542,68.1438512,68.38089254,69.08142283,68.75721173,69.62084534
Trinidad and Tobago,TTO,"Immunization, measles (% of children ages 12-23 months)",SH.IMM.MEAS,,,,,10,32,42,68,72,59,70,93,83,87,86,84,88,88,90,88,90,91,87,88,95,93,89,91,91,94,92,92,85,91,96,89,86,93,90,99
Tunisia,TUN,"Immunization, measles (% of children ages 12-23 months)",SH.IMM.MEAS,,,43,42,55,65,67,81,87,93,93,94,94,92,91,91,92,92,94,90,95,92,94,90,95,96,98,98,98,98,97,94,93,95,94,94,90,91,89,95
Turkey,TUR,"Immunization, measles (% of children ages 12-23 months)",SH.IMM.MEAS,27,52,64,63,62,61,64,67,82,71,78,73,78,72,76,65,72,79,81,82,87,91,83,75,81,91,98,96,97,97,97,98,96,98,94,97,98,96,96,97
Tuvalu,TUV,"Immunization, measles (% of children ages 12-23 months)",SH.IMM.MEAS,,,,65,71,92,65,65,90,79,95,63,66,64,79,94,94,99,96,94,81,99,99,95,97,62,84,95,93,90,85,98,98,96,94,94,96,95,88,96
Tanzania,TZA,"Immunization, measles (% of children ages 12-23 months)",SH.IMM.MEAS,46,51,50,60,55,66,97,78,83,79,80,79,81,77,79,78,78,73,72,72,78,86,89,97,94,91,93,90,88,91,92,93,97,99,97,95,83,90,88,88
Uganda,UGA,"Immunization, measles (% of children ages 12-23 months)",SH.IMM.MEAS,,22,21,20,18,17,27,38,49,51,52,54,56,57,59,57,55,54,50,55,57,59,62,64,66,68,75,75,70,77,73,75,80,83,85,79,79,83,86,87
Ukraine,UKR,"Immunization, measles (% of children ages 12-23 months)",SH.IMM.MEAS,,,,,,,,,,,,,90,94,96,97,92,97,96,99,99,99,99,99,99,96,98,97,94,75,56,67,79,79,56,56,42,86,91,93
Upper middle income,UMC,"Immunization, measles (% of children ages 12-23 months)",SH.IMM.MEAS,13.40332293,17.41530978,17.07803223,64.66952228,70.19671725,76.38904006,62.55002594,72.43304316,85.70242383,87.15281945,91.00790191,88.58637481,85.17452848,81.59600371,78.32453671,83.08472796,84.65373506,86.34809293,86.64318363,87.60493002,87.95007338,88.4006384,87.85708924,87.61454752,88.30327185,88.70882382,92.75500025,93.01861887,95.30589363,96.30940648,95.980414,96.4754307,96.46885758,95.47940104,95.48992686,95.70414667,95.84090471,93.6687799,95.19123707,93.62694018
Uruguay,URY,"Immunization, measles (% of children ages 12-23 months)",SH.IMM.MEAS,50,55,52,65,66,59,82,88,72,82,97,96,93,90,90,90,89,92,96,99,89,94,95,95,95,95,94,96,95,94,95,95,96,96,96,96,95,96,97,96
United States,USA,"Immunization, measles (% of children ages 12-23 months)",SH.IMM.MEAS,86,97,97,98,98,97,97,82,98,94,90,87,83,84,89,88,91,91,92,92,91,91,91,93,93,92,92,92,92,90,92,92,91,92,92,92,92,92,92,90
Uzbekistan,UZB,"Immunization, measles (% of children ages 12-23 months)",SH.IMM.MEAS,,,,,,,,,,,,,84,82,71,91,95,96,95,96,99,99,97,99,98,99,98,98,98,95,98,99,99,97,99,99,99,99,96,98
St. Vincent and the Grenadines,VCT,"Immunization, measles (% of children ages 12-23 months)",SH.IMM.MEAS,,,40,59,92,74,88,91,97,99,96,99,99,99,99,99,99,99,99,87,96,98,99,94,99,97,99,99,99,99,99,97,94,99,99,99,99,99,99,99
"Venezuela, RB",VEN,"Immunization, measles (% of children ages 12-23 months)",SH.IMM.MEAS,50,43,45,42,41,56,48,54,51,50,61,63,61,62,94,47,64,68,92,84,84,98,83,83,80,76,82,87,93,87,79,86,87,85,89,92,88,96,74,93
British Virgin Islands,VGB,"Immunization, measles (% of children ages 12-23 months)",SH.IMM.MEAS,,,,,,,,,,,,,,,,,,,,,,,,,,,,,,,,,,,,,,,,
Virgin Islands (U.S.),VIR,"Immunization, measles (% of children ages 12-23 months)",SH.IMM.MEAS,,,,,,,,,,,,,,,,,,,,,,,,,,,,,,,,,,,,,,,,
Vietnam,VNM,"Immunization, measles (% of children ages 12-23 months)",SH.IMM.MEAS,,,1,3,4,19,39,36,56,76,88,88,90,93,96,95,96,96,96,94,97,98,96,93,97,95,93,83,92,97,98,96,96,98,97,97,99,97,97,95
Vanuatu,VUT,"Immunization, measles (% of children ages 12-23 months)",SH.IMM.MEAS,,,20,23,18,26,22,34,46,50,66,63,66,74,53,60,61,65,64,62,61,59,58,56,55,53,52,56,61,65,70,75,79,84,90,76,84,80,75,80
World,WLD,"Immunization, measles (% of children ages 12-23 months)",SH.IMM.MEAS,12.7449929,15.61256516,16.6638784,33.51795667,38.07516177,44.36712079,44.93249958,52.49350386,62.30064196,67.92476334,73.48690017,69.64505543,69.67779943,70.26405104,71.82310524,73.63720771,73.0593787,71.42310655,71.11863179,71.88117746,72.42934148,73.13080298,72.57165021,74.12449255,75.93381135,77.25373249,78.9541288,79.5795211,81.12279827,83.52082033,84.31511881,84.88150882,84.48014482,84.49976159,84.56315843,84.94925366,85.20431711,85.25726622,85.64806027,85.69618327
Samoa,WSM,"Immunization, measles (% of children ages 12-23 months)",SH.IMM.MEAS,,,59,78,83,81,91,78,75,82,89,77,90,92,94,96,96,99,99,91,93,92,99,62,25,57,54,63,44,45,56,59,76,90,82,69,68,58,31,87
Kosovo,XKX,"Immunization, measles (% of children ages 12-23 months)",SH.IMM.MEAS,,,,,,,,,,,,,,,,,,,,,,,,,,,,,,,,,,,,,,,,
"Yemen, Rep.",YEM,"Immunization, measles (% of children ages 12-23 months)",SH.IMM.MEAS,2,4,4,6,8,13,15,22,34,48,69,53,46,51,31,40,43,41,66,74,70,72,62,64,74,73,65,71,69,65,68,66,63,70,67,67,70,65,64,67
South Africa,ZAF,"Immunization, measles (% of children ages 12-23 months)",SH.IMM.MEAS,,,,74,70,70,64,75,68,84,79,85,85,85,76,76,76,82,79,75,72,69,65,62,63,64,69,68,73,77,72,77,79,78,84,86,85,70,70,72
Zambia,ZMB,"Immunization, measles (% of children ages 12-23 months)",SH.IMM.MEAS,,,,56,57,58,58,80,80,80,90,80,85,91,96,86,86,86,86,85,85,84,84,84,85,85,85,93,87,90,96,83,82,80,85,90,93,96,94,93
Zimbabwe,ZWE,"Immunization, measles (% of children ages 12-23 months)",SH.IMM.MEAS,,56,58,60,62,78,83,88,88,87,87,87,86,86,87,87,88,84,79,77,75,73,70,68,66,67,68,69,70,76,90,92,97,93,92,86,95,90,88,85
